,Total Return,Volatility,Mean Daily Return
Strategy,2.0468395503707923,0.026473691301796286,0.00479446491076778
SPY,0.26709211195282334,0.008230508090245246,0.000981056187595478
